Feature,Importance
demonstrable <= 0.00,-0.04651026013762484
consider <= 0.00,-0.04178766029840883
conflict area world <= 0.00,-0.03826103290516228
estate <= 0.00,-0.025431478500249592
brand require new <= 0.00,0.02207911445734873
ample <= 0.00,0.005449856833191854
title_guarantee_score <= -0.01,-0.004168860792338826
level customer service <= 0.00,0.002522633187909333
year professional <= 0.00,0.0005171055696774459
mailing copy <= 0.00,-0.0003627565504975899
