{
  "feature_importances": [
    [
      "offshore <= 0.00",
      -0.05286502079775444
    ],
    [
      "keyboarding <= 0.00",
      -0.034833205239784906
    ],
    [
      "gas <= 0.00",
      -0.02782310338953009
    ],
    [
      "wage <= 0.00",
      -0.026223774201430485
    ],
    [
      "builder <= 0.00",
      -0.0202313098960741
    ],
    [
      "directory <= 0.00",
      -0.020036280587922853
    ],
    [
      "optimized <= 0.00",
      -0.013403088576228041
    ],
    [
      "press <= 0.00",
      -0.01113045935957378
    ],
    [
      "aws <= 0.00",
      -0.010484227522949573
    ],
    [
      "pushing <= 0.00",
      -0.006710199195773941
    ]
  ],
  "class_names": [
    "Legitimate",
    "Fraudulent"
  ],
  "predicted_class": "Legitimate",
  "prediction_probabilities": {
    "legitimate": 0.998879611492157,
    "fraudulent": 0.0011203843168914318
  }
}