{
  "feature_importances": [
    [
      "structure <= 0.00",
      -0.039601521972914756
    ],
    [
      "end end <= 0.00",
      0.023652736100783455
    ],
    [
      "tier <= 0.00",
      0.022173120940450836
    ],
    [
      "seek <= 0.00",
      0.01696476020563341
    ],
    [
      "site managermaintain <= 0.00",
      -0.015409240585114762
    ],
    [
      "structured <= 0.00",
      0.0144701617469156
    ],
    [
      "thrive <= 0.00",
      0.01347898688884465
    ],
    [
      "smart <= 0.00",
      0.012753136965186313
    ],
    [
      "completed <= 0.00",
      -0.004623643764906781
    ],
    [
      "overall <= 0.00",
      0.001876477919943816
    ]
  ],
  "class_names": [
    "Legitimate",
    "Fraudulent"
  ],
  "predicted_class": "Legitimate",
  "prediction_probabilities": {
    "legitimate": 0.9987064599990845,
    "fraudulent": 0.001293541630730033
  }
}